{
    "Outerport.html": "https://www.ycombinator.com/companies/outerport",
    "Syntra.html": "https://www.ycombinator.com/companies/syntra",
    "Standard-Data.html": "https://www.ycombinator.com/companies/standard-data",
    "Kairo-Health.html": "https://www.ycombinator.com/companies/kairo-health",
    "Midship.html": "https://www.ycombinator.com/companies/midship",
    "Soma-Lab.html": "https://www.ycombinator.com/companies/soma-lab",
    "Merlin-AI.html": "https://www.ycombinator.com/companies/merlin-ai",
    "Freestyle.html": "https://www.ycombinator.com/companies/freestyle",
    "Arva-AI.html": "https://www.ycombinator.com/companies/arva-ai",
    "Affil-ai.html": "https://www.ycombinator.com/companies/affil-ai",
    "OrgOrg.html": "https://www.ycombinator.com/companies/orgorg",
    "Patched.html": "https://www.ycombinator.com/companies/patched",
    "Mica-AI.html": "https://www.ycombinator.com/companies/mica-ai",
    "Formula-Insight.html": "https://www.ycombinator.com/companies/formula-insight",
    "Overlap.html": "https://www.ycombinator.com/companies/overlap",
    "Kart-AI.html": "https://www.ycombinator.com/companies/kart-ai",
    "Anglera.html": "https://www.ycombinator.com/companies/anglera",
    "XTraffic.html": "https://www.ycombinator.com/companies/xtraffic",
    "Felafax.html": "https://www.ycombinator.com/companies/felafax",
    "Henry.html": "https://www.ycombinator.com/companies/henry-2",
    "RowBoat-Labs.html": "https://www.ycombinator.com/companies/rowboat-labs",
    "Pipeshift-AI.html": "https://www.ycombinator.com/companies/pipeshift-ai",
    "Vera-Health.html": "https://www.ycombinator.com/companies/vera-health",
    "Pharos.html": "https://www.ycombinator.com/companies/pharos",
    "Affix-API.html": "https://www.ycombinator.com/companies/affix-api",
    "Terra.html": "https://www.ycombinator.com/companies/terra-2",
    "Diode-Computers--Inc-.html": "https://www.ycombinator.com/companies/diode-computers-inc",
    "SureBright-Technologies--Inc-.html": "https://www.ycombinator.com/companies/surebright-technologies-inc",
    "Usul.html": "https://www.ycombinator.com/companies/usul",
    "Saldor.html": "https://www.ycombinator.com/companies/saldor",
    "Bucket-Robotics.html": "https://www.ycombinator.com/companies/bucket-robotics",
    "Oway.html": "https://www.ycombinator.com/companies/oway",
    "Elayne.html": "https://www.ycombinator.com/companies/elayne",
    "Mindely.html": "https://www.ycombinator.com/companies/mindely",
    "TradeFlow.html": "https://www.ycombinator.com/companies/tradeflow",
    "Voker.html": "https://www.ycombinator.com/companies/voker",
    "Rastro.html": "https://www.ycombinator.com/companies/rastro",
    "Quetzal.html": "https://www.ycombinator.com/companies/quetzal",
    "Weavel.html": "https://www.ycombinator.com/companies/weavel",
    "Moreta.html": "https://www.ycombinator.com/companies/moreta",
    "Simplifine.html": "https://www.ycombinator.com/companies/simplifine",
    "Sepal-AI.html": "https://www.ycombinator.com/companies/sepal-ai",
    "Assembly-HOA.html": "https://www.ycombinator.com/companies/assembly-hoa",
    "autarc.html": "https://www.ycombinator.com/companies/autarc",
    "omnidock.html": "https://www.ycombinator.com/companies/omnidock",
    "Polymet.html": "https://www.ycombinator.com/companies/polymet",
    "Kontigo.html": "https://www.ycombinator.com/companies/kontigo",
    "Remo.html": "https://www.ycombinator.com/companies/remo",
    "Propaya.html": "https://www.ycombinator.com/companies/propaya",
    "Vendra.html": "https://www.ycombinator.com/companies/vendra",
    "Argil.html": "https://www.ycombinator.com/companies/argil",
    "ZeroPath.html": "https://www.ycombinator.com/companies/zeropath",
    "Actionbase.html": "https://www.ycombinator.com/companies/actionbase",
    "Corpdaq.html": "https://www.ycombinator.com/companies/corpdaq",
    "Lumen-Orbit.html": "https://www.ycombinator.com/companies/lumen-orbit",
    "Dataleap.html": "https://www.ycombinator.com/companies/dataleap",
    "Zimi.html": "https://www.ycombinator.com/companies/zimi",
    "Thyme.html": "https://www.ycombinator.com/companies/thyme",
    "Ionworks.html": "https://www.ycombinator.com/companies/ionworks",
    "Zigma---by-NextUI.html": "https://www.ycombinator.com/companies/zigma-by-nextui",
    "Helium.html": "https://www.ycombinator.com/companies/helium",
    "-amp-AI.html": "https://www.ycombinator.com/companies/ai-2",
    "Haystack-Software.html": "https://www.ycombinator.com/companies/haystack-software",
    "Finosu.html": "https://www.ycombinator.com/companies/finosu",
    "Odo.html": "https://www.ycombinator.com/companies/odo",
    "Baseline-AI.html": "https://www.ycombinator.com/companies/baseline-ai",
    "Zephr.html": "https://www.ycombinator.com/companies/zephr",
    "Winford-AI.html": "https://www.ycombinator.com/companies/winford-ai",
    "Cartage.html": "https://www.ycombinator.com/companies/cartage",
    "Paasa.html": "https://www.ycombinator.com/companies/paasa",
    "Lilac-Labs.html": "https://www.ycombinator.com/companies/lilac-labs",
    "Palmier.html": "https://www.ycombinator.com/companies/palmier",
    "Simple-AI.html": "https://www.ycombinator.com/companies/simple-ai",
    "Guardian-RF.html": "https://www.ycombinator.com/companies/guardian-rf",
    "Laminar-AI.html": "https://www.ycombinator.com/companies/laminar-ai",
    "Cerulion.html": "https://www.ycombinator.com/companies/cerulion",
    "The-Forecasting-Company.html": "https://www.ycombinator.com/companies/the-forecasting-company",
    "Praxos.html": "https://www.ycombinator.com/companies/praxos",
    "Exa-Laboratories.html": "https://www.ycombinator.com/companies/exa-laboratories",
    "SchemeFlow.html": "https://www.ycombinator.com/companies/schemeflow",
    "Brighterway.html": "https://www.ycombinator.com/companies/brighterway",
    "Mineflow.html": "https://www.ycombinator.com/companies/mineflow",
    "Soff.html": "https://www.ycombinator.com/companies/soff",
    "Parley.html": "https://www.ycombinator.com/companies/parley",
    "Intryc.html": "https://www.ycombinator.com/companies/intryc",
    "Ember-Robotics.html": "https://www.ycombinator.com/companies/ember-robotics",
    "Thunder-Compute.html": "https://www.ycombinator.com/companies/thunder-compute",
    "Zeit-AI.html": "https://www.ycombinator.com/companies/zeit-ai",
    "Remade.html": "https://www.ycombinator.com/companies/remade",
    "Distro.html": "https://www.ycombinator.com/companies/distro",
    "Modern-Realty.html": "https://www.ycombinator.com/companies/modern-realty",
    "David-AI.html": "https://www.ycombinator.com/companies/david-ai",
    "BeeBettor.html": "https://www.ycombinator.com/companies/beebettor",
    "Guardian-AI.html": "https://www.ycombinator.com/companies/guardian-ai",
    "Stempad.html": "https://www.ycombinator.com/companies/stempad",
    "Pax.html": "https://www.ycombinator.com/companies/pax",
    "Conductor-Quantum.html": "https://www.ycombinator.com/companies/conductor-quantum",
    "Opslane.html": "https://www.ycombinator.com/companies/opslane",
    "Asterisk.html": "https://www.ycombinator.com/companies/asterisk",
    "Drillbit.html": "https://www.ycombinator.com/companies/drillbit",
    "Lumenary.html": "https://www.ycombinator.com/companies/lumenary",
    "Dimely.html": "https://www.ycombinator.com/companies/dimely",
    "Planbase.html": "https://www.ycombinator.com/companies/planbase",
    "Unriddle.html": "https://www.ycombinator.com/companies/unriddle",
    "Hestus--Inc-.html": "https://www.ycombinator.com/companies/hestus-inc",
    "FINNY-AI.html": "https://www.ycombinator.com/companies/finny-ai",
    "Focal.html": "https://www.ycombinator.com/companies/focal",
    "1849-bio.html": "https://www.ycombinator.com/companies/1849-bio",
    "ReactWise.html": "https://www.ycombinator.com/companies/reactwise",
    "Saturn.html": "https://www.ycombinator.com/companies/saturn",
    "Clearly-AI.html": "https://www.ycombinator.com/companies/clearly-ai",
    "Overstand-Labs.html": "https://www.ycombinator.com/companies/overstand-labs",
    "Promi.html": "https://www.ycombinator.com/companies/promi",
    "Ontra-Mobility.html": "https://www.ycombinator.com/companies/ontra-mobility",
    "Fortress.html": "https://www.ycombinator.com/companies/fortress",
    "Panora.html": "https://www.ycombinator.com/companies/panora",
    "Manaflow.html": "https://www.ycombinator.com/companies/manaflow",
    "Conveo.html": "https://www.ycombinator.com/companies/conveo",
    "Parity.html": "https://www.ycombinator.com/companies/parity",
    "Kastle.html": "https://www.ycombinator.com/companies/kastle",
    "Kopra-Bio.html": "https://www.ycombinator.com/companies/kopra-bio",
    "Arctic-Capture.html": "https://www.ycombinator.com/companies/arctic-capture",
    "Benchify.html": "https://www.ycombinator.com/companies/benchify",
    "Fazeshift.html": "https://www.ycombinator.com/companies/fazeshift",
    "TaxGPT.html": "https://www.ycombinator.com/companies/taxgpt",
    "Zenbase-AI.html": "https://www.ycombinator.com/companies/zenbase-ai",
    "Mito-Health.html": "https://www.ycombinator.com/companies/mito-health",
    "Lighthouz-AI.html": "https://www.ycombinator.com/companies/lighthouz-ai",
    "Modus.html": "https://www.ycombinator.com/companies/modus",
    "LedgerUp.html": "https://www.ycombinator.com/companies/ledgerup",
    "Plume.html": "https://www.ycombinator.com/companies/plume",
    "Pulse-AI.html": "https://www.ycombinator.com/companies/pulse-ai",
    "AutoPallet-Robotics.html": "https://www.ycombinator.com/companies/autopallet-robotics",
    "stormy-ai.html": "https://www.ycombinator.com/companies/stormy-ai",
    "Merse.html": "https://www.ycombinator.com/companies/merse-2",
    "AminoAnalytica.html": "https://www.ycombinator.com/companies/aminoanalytica",
    "Gauge.html": "https://www.ycombinator.com/companies/gauge",
    "Tandem.html": "https://www.ycombinator.com/companies/tandem-2",
    "AnswerGrid.html": "https://www.ycombinator.com/companies/answergrid",
    "Tivara.html": "https://www.ycombinator.com/companies/tivara",
    "MinusX.html": "https://www.ycombinator.com/companies/minusx",
    "Passage.html": "https://www.ycombinator.com/companies/passage",
    "Sam.html": "https://www.ycombinator.com/companies/sam",
    "CodeViz.html": "https://www.ycombinator.com/companies/codeviz",
    "Neuralize.html": "https://www.ycombinator.com/companies/neuralize",
    "Ares-Industries.html": "https://www.ycombinator.com/companies/ares-industries",
    "Dodo.html": "https://www.ycombinator.com/companies/dodo",
    "Driftly.html": "https://www.ycombinator.com/companies/driftly",
    "Elevate.html": "https://www.ycombinator.com/companies/elevate-2",
    "Offstream.html": "https://www.ycombinator.com/companies/offstream",
    "DeepSim--Inc-.html": "https://www.ycombinator.com/companies/deepsim-inc",
    "reworks.html": "https://www.ycombinator.com/companies/reworks",
    "Solarflare.html": "https://www.ycombinator.com/companies/solarflare",
    "Aviary.html": "https://www.ycombinator.com/companies/aviary",
    "NetworkOcean.html": "https://www.ycombinator.com/companies/networkocean",
    "Silurian.html": "https://www.ycombinator.com/companies/silurian",
    "Kura.html": "https://www.ycombinator.com/companies/kura",
    "Unbound-Security.html": "https://www.ycombinator.com/companies/unbound-security",
    "RetroFix-AI.html": "https://www.ycombinator.com/companies/retrofix-ai",
    "Azalea-Robotics-Corporation.html": "https://www.ycombinator.com/companies/azalea-robotics-corporation",
    "Decisional-AI.html": "https://www.ycombinator.com/companies/decisional-ai",
    "Moonglow.html": "https://www.ycombinator.com/companies/moonglow",
    "FirstWork.html": "https://www.ycombinator.com/companies/firstwork",
    "Sorcerer.html": "https://www.ycombinator.com/companies/sorcerer",
    "Wordware.html": "https://www.ycombinator.com/companies/wordware",
    "Maitai.html": "https://www.ycombinator.com/companies/maitai",
    "Corgi.html": "https://www.ycombinator.com/companies/corgi",
    "Phonely.html": "https://www.ycombinator.com/companies/phonely",
    "Clara.html": "https://www.ycombinator.com/companies/clara",
    "Stack-Auth.html": "https://www.ycombinator.com/companies/stack-auth",
    "Patchwork-Technologies.html": "https://www.ycombinator.com/companies/patchwork-technologies",
    "Tabular.html": "https://www.ycombinator.com/companies/tabular",
    "Callback.html": "https://www.ycombinator.com/companies/callback",
    "Flyflow.html": "https://www.ycombinator.com/companies/flyflow",
    "Bayesline.html": "https://www.ycombinator.com/companies/bayesline",
    "Codes-Health.html": "https://www.ycombinator.com/companies/codes-health",
    "Entangl.html": "https://www.ycombinator.com/companies/entangl",
    "ClaimSorted.html": "https://www.ycombinator.com/companies/claimsorted",
    "mdhub.html": "https://www.ycombinator.com/companies/mdhub",
    "Hamming-AI.html": "https://www.ycombinator.com/companies/hamming-ai",
    "Genie.html": "https://www.ycombinator.com/companies/genie",
    "ProhostAI.html": "https://www.ycombinator.com/companies/prohostai",
    "Educato-AI.html": "https://www.ycombinator.com/companies/educato-ai",
    "Spaceium-Inc.html": "https://www.ycombinator.com/companies/spaceium-inc",
    "Comfy-Deploy.html": "https://www.ycombinator.com/companies/comfy-deploy",
    "Synnax.html": "https://www.ycombinator.com/companies/synnax",
    "Saphira-AI.html": "https://www.ycombinator.com/companies/saphira-ai",
    "Glasskube.html": "https://www.ycombinator.com/companies/glasskube",
    "Mem0.html": "https://www.ycombinator.com/companies/mem0",
    "Cheers.html": "https://www.ycombinator.com/companies/cheers-2",
    "Ply-Health.html": "https://www.ycombinator.com/companies/ply-health",
    "Superfilter.html": "https://www.ycombinator.com/companies/superfilter",
    "Superunit.html": "https://www.ycombinator.com/companies/superunit",
    "Undermind.html": "https://www.ycombinator.com/companies/undermind",
    "Domu-Technology-Inc-.html": "https://www.ycombinator.com/companies/domu-technology-inc",
    "Apten.html": "https://www.ycombinator.com/companies/apten",
    "Spherecast.html": "https://www.ycombinator.com/companies/spherecast",
    "Miru.html": "https://www.ycombinator.com/companies/miru-ml",
    "CardLift.html": "https://www.ycombinator.com/companies/cardlift",
    "Ultra.html": "https://www.ycombinator.com/companies/ultra",
    "-ngstr-m-AI.html": "https://www.ycombinator.com/companies/angstrom-ai",
    "Evolvere-BioSciences.html": "https://www.ycombinator.com/companies/evolvere-biosciences",
    "Spur.html": "https://www.ycombinator.com/companies/spur",
    "Ligo-Biosciences.html": "https://www.ycombinator.com/companies/ligo-biosciences",
    "ACX.html": "https://www.ycombinator.com/companies/acx",
    "Overeasy.html": "https://www.ycombinator.com/companies/overeasy",
    "Fuse.html": "https://www.ycombinator.com/companies/fuse-2",
    "Central.html": "https://www.ycombinator.com/companies/central",
    "Simplex.html": "https://www.ycombinator.com/companies/simplex",
    "Poka-Labs.html": "https://www.ycombinator.com/companies/poka-labs",
    "Alacrity.html": "https://www.ycombinator.com/companies/alacrity",
    "ParcelBio.html": "https://www.ycombinator.com/companies/parcelbio",
    "K-Scale-Labs.html": "https://www.ycombinator.com/companies/k-scale-labs",
    "Marr-Labs.html": "https://www.ycombinator.com/companies/marr-labs",
    "Forge-Rewards.html": "https://www.ycombinator.com/companies/forge-rewards",
    "FanCave.html": "https://www.ycombinator.com/companies/fancave",
    "RetailReady.html": "https://www.ycombinator.com/companies/retailready",
    "Million.html": "https://www.ycombinator.com/companies/million",
    "NowHouse.html": "https://www.ycombinator.com/companies/nowhouse",
    "Crux.html": "https://www.ycombinator.com/companies/crux",
    "Reprompt.html": "https://www.ycombinator.com/companies/reprompt",
    "InspectMind-AI.html": "https://www.ycombinator.com/companies/inspectmind-ai",
    "Yarn.html": "https://www.ycombinator.com/companies/yarn-2",
    "Blacksmith.html": "https://www.ycombinator.com/companies/blacksmith",
    "CrowdVolt.html": "https://www.ycombinator.com/companies/crowdvolt",
    "kater-ai.html": "https://www.ycombinator.com/companies/kater-ai",
    "MathGPTPro.html": "https://www.ycombinator.com/companies/mathgptpro",
    "Tower.html": "https://www.ycombinator.com/companies/tower",
    "Quivr.html": "https://www.ycombinator.com/companies/quivr",
    "Dragoneye.html": "https://www.ycombinator.com/companies/dragoneye",
    "renderlet.html": "https://www.ycombinator.com/companies/renderlet",
    "Fume.html": "https://www.ycombinator.com/companies/fume",
    "Numo.html": "https://www.ycombinator.com/companies/numo",
    "Forge.html": "https://www.ycombinator.com/companies/forge",
    "Taiki.html": "https://www.ycombinator.com/companies/taiki",
    "Konstructly.html": "https://www.ycombinator.com/companies/konstructly",
    "Pico.html": "https://www.ycombinator.com/companies/pico",
    "Granza-Bio.html": "https://www.ycombinator.com/companies/granza-bio",
    "Haplotype-Labs.html": "https://www.ycombinator.com/companies/haplotype-labs",
    "Healia.html": "https://www.ycombinator.com/companies/healia",
    "TrueClaim.html": "https://www.ycombinator.com/companies/trueclaim",
    "CoCrafter.html": "https://www.ycombinator.com/companies/cocrafter",
    "Reform.html": "https://www.ycombinator.com/companies/reform",
    "Piramidal.html": "https://www.ycombinator.com/companies/piramidal",
    "Junction-Bioscience.html": "https://www.ycombinator.com/companies/junction-bioscience",
    "OddsView.html": "https://www.ycombinator.com/companies/oddsview",
    "Silogy.html": "https://www.ycombinator.com/companies/silogy",
    "Senso.html": "https://www.ycombinator.com/companies/senso",
    "Eris-Biotech.html": "https://www.ycombinator.com/companies/eris-biotech",
    "Powder.html": "https://www.ycombinator.com/companies/powder",
    "OpenFoundry.html": "https://www.ycombinator.com/companies/openfoundry",
    "GoldenBasis.html": "https://www.ycombinator.com/companies/goldenbasis",
    "Penciled.html": "https://www.ycombinator.com/companies/penciled",
    "Magic-Hour.html": "https://www.ycombinator.com/companies/magic-hour",
    "Ryse.html": "https://www.ycombinator.com/companies/ryse",
    "Lumona.html": "https://www.ycombinator.com/companies/lumona",
    "Datacurve.html": "https://www.ycombinator.com/companies/datacurve",
    "Marblism.html": "https://www.ycombinator.com/companies/marblism",
    "CommodityAI.html": "https://www.ycombinator.com/companies/commodityai",
    "Veles.html": "https://www.ycombinator.com/companies/veles",
    "Miden.html": "https://www.ycombinator.com/companies/miden",
    "Fluently.html": "https://www.ycombinator.com/companies/fluently",
    "Basepilot.html": "https://www.ycombinator.com/companies/basepilot",
    "Aqua-Voice.html": "https://www.ycombinator.com/companies/aqua-voice",
    "Fileforge.html": "https://www.ycombinator.com/companies/fileforge",
    "xPay.html": "https://www.ycombinator.com/companies/xpay",
    "DeepNight.html": "https://www.ycombinator.com/companies/deepnight",
    "Vista-Space.html": "https://www.ycombinator.com/companies/vista-space",
    "Stackgrant.html": "https://www.ycombinator.com/companies/stackgrant",
    "Ocular-AI.html": "https://www.ycombinator.com/companies/ocular-ai",
    "Retell-AI.html": "https://www.ycombinator.com/companies/retell-ai",
    "Rove.html": "https://www.ycombinator.com/companies/rove",
    "camelQA.html": "https://www.ycombinator.com/companies/camelqa",
    "Spark.html": "https://www.ycombinator.com/companies/spark",
    "Titan.html": "https://www.ycombinator.com/companies/titan-2",
    "Terrakotta.html": "https://www.ycombinator.com/companies/terrakotta",
    "Stacksync.html": "https://www.ycombinator.com/companies/stacksync",
    "Hatchet.html": "https://www.ycombinator.com/companies/hatchet-2",
    "Shepherd.html": "https://www.ycombinator.com/companies/shepherd-2",
    "Sonauto.html": "https://www.ycombinator.com/companies/sonauto",
    "BiteSight.html": "https://www.ycombinator.com/companies/bitesight",
    "Velorum-Therapeutics.html": "https://www.ycombinator.com/companies/velorum-therapeutics",
    "Zep-AI.html": "https://www.ycombinator.com/companies/zep-ai",
    "Openmart.html": "https://www.ycombinator.com/companies/openmart",
    "Triply.html": "https://www.ycombinator.com/companies/triply",
    "Amber-AI.html": "https://www.ycombinator.com/companies/amber-ai",
    "Thorntale.html": "https://www.ycombinator.com/companies/thorntale",
    "Alai.html": "https://www.ycombinator.com/companies/alai",
    "PocketPod.html": "https://www.ycombinator.com/companies/pocketpod",
    "Sample.html": "https://www.ycombinator.com/companies/sample",
    "Brainbase.html": "https://www.ycombinator.com/companies/brainbase",
    "Givefront.html": "https://www.ycombinator.com/companies/givefront",
    "Cleva.html": "https://www.ycombinator.com/companies/cleva",
    "Oma-Care.html": "https://www.ycombinator.com/companies/oma-care",
    "Artos.html": "https://www.ycombinator.com/companies/artos",
    "Model-ML.html": "https://www.ycombinator.com/companies/model-ml",
    "BetterBasket.html": "https://www.ycombinator.com/companies/betterbasket",
    "Circleback.html": "https://www.ycombinator.com/companies/circleback",
    "just-words.html": "https://www.ycombinator.com/companies/just-words",
    "Risotto.html": "https://www.ycombinator.com/companies/risotto",
    "DianaHR.html": "https://www.ycombinator.com/companies/dianahr",
    "HeartByte.html": "https://www.ycombinator.com/companies/heartbyte",
    "Yondu.html": "https://www.ycombinator.com/companies/yondu",
    "dawn.html": "https://www.ycombinator.com/companies/dawn",
    "Lumina.html": "https://www.ycombinator.com/companies/lumina-2",
    "Centauri-AI.html": "https://www.ycombinator.com/companies/centauri-ai",
    "ProSights.html": "https://www.ycombinator.com/companies/prosights",
    "Manifold-Freight.html": "https://www.ycombinator.com/companies/manifold-freight",
    "edgetrace.html": "https://www.ycombinator.com/companies/edgetrace",
    "Clarum.html": "https://www.ycombinator.com/companies/clarum",
    "Opencall-ai.html": "https://www.ycombinator.com/companies/opencall-ai",
    "Voicepanel.html": "https://www.ycombinator.com/companies/voicepanel",
    "Petra-Security.html": "https://www.ycombinator.com/companies/petra-security",
    "Abel.html": "https://www.ycombinator.com/companies/abel",
    "OffDeal.html": "https://www.ycombinator.com/companies/offdeal",
    "Delve.html": "https://www.ycombinator.com/companies/delve",
    "Andy-AI.html": "https://www.ycombinator.com/companies/andy-ai",
    "Hazel.html": "https://www.ycombinator.com/companies/hazel-2",
    "Shiboleth.html": "https://www.ycombinator.com/companies/shiboleth",
    "Aftercare.html": "https://www.ycombinator.com/companies/aftercare",
    "Soundry-AI.html": "https://www.ycombinator.com/companies/soundry-ai",
    "Elodin.html": "https://www.ycombinator.com/companies/elodin",
    "HostAI.html": "https://www.ycombinator.com/companies/hostai",
    "Trieve.html": "https://www.ycombinator.com/companies/trieve",
    "Tensorfuse.html": "https://www.ycombinator.com/companies/tensorfuse",
    "Toma.html": "https://www.ycombinator.com/companies/toma",
    "Carma.html": "https://www.ycombinator.com/companies/carma",
    "Preloop.html": "https://www.ycombinator.com/companies/preloop",
    "Superagent.html": "https://www.ycombinator.com/companies/superagent",
    "Bilanc.html": "https://www.ycombinator.com/companies/bilanc",
    "AdRizz-com.html": "https://www.ycombinator.com/companies/adrizz-com",
    "Browser-Buddy.html": "https://www.ycombinator.com/companies/browser-buddy",
    "Astro-Mechanica.html": "https://www.ycombinator.com/companies/astro-mechanica",
    "CodeAnt-AI.html": "https://www.ycombinator.com/companies/codeant-ai",
    "Draftaid.html": "https://www.ycombinator.com/companies/draftaid",
    "Metofico.html": "https://www.ycombinator.com/companies/metofico",
    "Ellipsis.html": "https://www.ycombinator.com/companies/ellipsis",
    "Dime.html": "https://www.ycombinator.com/companies/dime-2",
    "Lytix.html": "https://www.ycombinator.com/companies/lytix",
    "Pythagora--GPT-Pilot-.html": "https://www.ycombinator.com/companies/pythagora-gpt-pilot",
    "Wuri.html": "https://www.ycombinator.com/companies/wuri",
    "Open.html": "https://www.ycombinator.com/companies/open",
    "Aedilic.html": "https://www.ycombinator.com/companies/aedilic",
    "Salvy.html": "https://www.ycombinator.com/companies/salvy",
    "Centralize.html": "https://www.ycombinator.com/companies/centralize",
    "phospho.html": "https://www.ycombinator.com/companies/phospho",
    "Quantic.html": "https://www.ycombinator.com/companies/quantic",
    "Resonance.html": "https://www.ycombinator.com/companies/resonance",
    "Firebender.html": "https://www.ycombinator.com/companies/firebender",
    "Aether-Energy.html": "https://www.ycombinator.com/companies/aether-energy",
    "Kiosk.html": "https://www.ycombinator.com/companies/kiosk",
    "Ragas.html": "https://www.ycombinator.com/companies/ragas",
    "sync-labs.html": "https://www.ycombinator.com/companies/sync-labs",
    "PandasAI.html": "https://www.ycombinator.com/companies/pandasai",
    "Infinity.html": "https://www.ycombinator.com/companies/infinity",
    "InQuery.html": "https://www.ycombinator.com/companies/inquery-2",
    "Markprompt.html": "https://www.ycombinator.com/companies/markprompt",
    "Tamarind-Bio.html": "https://www.ycombinator.com/companies/tamarind-bio",
    "Anaphero.html": "https://www.ycombinator.com/companies/anaphero",
    "Swift.html": "https://www.ycombinator.com/companies/swift-2",
    "Intercept.html": "https://www.ycombinator.com/companies/intercept",
    "Creo.html": "https://www.ycombinator.com/companies/creo",
    "Decipher-AI.html": "https://www.ycombinator.com/companies/decipher-ai",
    "Infinity-AI.html": "https://www.ycombinator.com/companies/infinity-ai",
    "Double.html": "https://www.ycombinator.com/companies/double-2",
    "Speck.html": "https://www.ycombinator.com/companies/speck",
    "Guide-Labs.html": "https://www.ycombinator.com/companies/guide-labs",
    "OmniAI.html": "https://www.ycombinator.com/companies/omniai",
    "Keywords-AI.html": "https://www.ycombinator.com/companies/keywords-ai",
    "PromptArmor.html": "https://www.ycombinator.com/companies/promptarmor",
    "Zaymo.html": "https://www.ycombinator.com/companies/zaymo",
    "Glimmer.html": "https://www.ycombinator.com/companies/glimmer",
    "Celest.html": "https://www.ycombinator.com/companies/celest",
    "Meticulate.html": "https://www.ycombinator.com/companies/meticulate",
    "CloudCruise.html": "https://www.ycombinator.com/companies/cloudcruise",
    "Attunement.html": "https://www.ycombinator.com/companies/attunement",
    "Lucite.html": "https://www.ycombinator.com/companies/lucite",
    "Selera-Medical.html": "https://www.ycombinator.com/companies/selera-medical",
    "OneGrep.html": "https://www.ycombinator.com/companies/onegrep",
    "Parasale.html": "https://www.ycombinator.com/companies/parasale",
    "Tusk.html": "https://www.ycombinator.com/companies/tusk",
    "PartnerHQ.html": "https://www.ycombinator.com/companies/partnerhq",
    "atopile.html": "https://www.ycombinator.com/companies/atopile",
    "Airfront.html": "https://www.ycombinator.com/companies/airfront",
    "SynsoryBio.html": "https://www.ycombinator.com/companies/synsorybio",
    "Yoneda-Labs.html": "https://www.ycombinator.com/companies/yoneda-labs",
    "TokenOwl.html": "https://www.ycombinator.com/companies/tokenowl",
    "Hona.html": "https://www.ycombinator.com/companies/hona-2",
    "Topo.html": "https://www.ycombinator.com/companies/topo",
    "Trellis.html": "https://www.ycombinator.com/companies/trellis",
    "Ecliptor.html": "https://www.ycombinator.com/companies/ecliptor",
    "Greenboard.html": "https://www.ycombinator.com/companies/greenboard",
    "Eggnog.html": "https://www.ycombinator.com/companies/eggnog",
    "Artisan.html": "https://www.ycombinator.com/companies/artisan",
    "Octolane-AI.html": "https://www.ycombinator.com/companies/octolane-ai",
    "SuretyNow.html": "https://www.ycombinator.com/companies/suretynow",
    "Roe-AI.html": "https://www.ycombinator.com/companies/roe-ai",
    "FurtherAI.html": "https://www.ycombinator.com/companies/furtherai",
    "Arini.html": "https://www.ycombinator.com/companies/arini",
    "Paradigm.html": "https://www.ycombinator.com/companies/paradigm",
    "PointOne.html": "https://www.ycombinator.com/companies/pointone",
    "Patchwork.html": "https://www.ycombinator.com/companies/patchwork",
    "Starlight-Charging.html": "https://www.ycombinator.com/companies/starlight-charging",
    "Assembly.html": "https://www.ycombinator.com/companies/assembly-2",
    "MathDash.html": "https://www.ycombinator.com/companies/mathdash",
    "Leaping.html": "https://www.ycombinator.com/companies/leaping",
    "Basalt-Tech.html": "https://www.ycombinator.com/companies/basalt-tech",
    "Carousel-Technologies.html": "https://www.ycombinator.com/companies/carousel-technologies",
    "Agentic-Labs.html": "https://www.ycombinator.com/companies/agentic-labs-2",
    "DaLMatian.html": "https://www.ycombinator.com/companies/dalmatian",
    "Pivot-Robotics.html": "https://www.ycombinator.com/companies/pivot-robotics",
    "Aidy.html": "https://www.ycombinator.com/companies/aidy",
    "DGI-Apparel.html": "https://www.ycombinator.com/companies/dgi-apparel",
    "Buster.html": "https://www.ycombinator.com/companies/buster",
    "Garage.html": "https://www.ycombinator.com/companies/garage-2",
    "Mango-Health.html": "https://www.ycombinator.com/companies/mango-health",
    "Argon-AI--Inc-.html": "https://www.ycombinator.com/companies/argon-ai-inc",
    "nCompass-Technologies.html": "https://www.ycombinator.com/companies/ncompass-technologies",
    "Pretzel-AI.html": "https://www.ycombinator.com/companies/pretzel-ai",
    "Apriora.html": "https://www.ycombinator.com/companies/apriora",
    "malibou.html": "https://www.ycombinator.com/companies/malibou",
    "Quary.html": "https://www.ycombinator.com/companies/quary",
    "Hemingway.html": "https://www.ycombinator.com/companies/hemingway",
    "Tile.html": "https://www.ycombinator.com/companies/tile",
    "Adagy-Robotics.html": "https://www.ycombinator.com/companies/adagy-robotics",
    "Momentic.html": "https://www.ycombinator.com/companies/momentic",
    "Reducto.html": "https://www.ycombinator.com/companies/reducto",
    "Vectorview.html": "https://www.ycombinator.com/companies/vectorview",
    "Maia.html": "https://www.ycombinator.com/companies/maia",
    "Nuanced--Inc-.html": "https://www.ycombinator.com/companies/nuanced-inc",
    "Precip.html": "https://www.ycombinator.com/companies/precip",
    "Tracecat.html": "https://www.ycombinator.com/companies/tracecat",
    "Kabilah.html": "https://www.ycombinator.com/companies/kabilah",
    "Sonia.html": "https://www.ycombinator.com/companies/sonia",
    "MAIHEM.html": "https://www.ycombinator.com/companies/maihem",
    "ion-design.html": "https://www.ycombinator.com/companies/ion-design",
    "Duckie.html": "https://www.ycombinator.com/companies/duckie",
    "Happenstance.html": "https://www.ycombinator.com/companies/happenstance",
    "Ubicloud.html": "https://www.ycombinator.com/companies/ubicloud",
    "Greptile.html": "https://www.ycombinator.com/companies/greptile",
    "HeyPurple.html": "https://www.ycombinator.com/companies/heypurple",
    "ego.html": "https://www.ycombinator.com/companies/ego",
    "Leya.html": "https://www.ycombinator.com/companies/leya",
    "Scritch.html": "https://www.ycombinator.com/companies/scritch",
    "RadMate-AI.html": "https://www.ycombinator.com/companies/radmate-ai",
    "SSOReady.html": "https://www.ycombinator.com/companies/ssoready",
    "Relari.html": "https://www.ycombinator.com/companies/relari",
    "DryMerge.html": "https://www.ycombinator.com/companies/drymerge",
    "Navier-AI.html": "https://www.ycombinator.com/companies/navier-ai",
    "Upsolve-AI.html": "https://www.ycombinator.com/companies/upsolve-ai",
    "SciPhi.html": "https://www.ycombinator.com/companies/sciphi",
    "Gumloop.html": "https://www.ycombinator.com/companies/gumloop",
    "Driver-AI.html": "https://www.ycombinator.com/companies/driver-ai",
    "Lantern.html": "https://www.ycombinator.com/companies/lantern-2",
    "Danswer.html": "https://www.ycombinator.com/companies/danswer",
    "Yenmo.html": "https://www.ycombinator.com/companies/yenmo",
    "GovernGPT.html": "https://www.ycombinator.com/companies/governgpt",
    "Arcane.html": "https://www.ycombinator.com/companies/arcane",
    "Blume-Benefits.html": "https://www.ycombinator.com/companies/blume-benefits",
    "Stitch-Technologies.html": "https://www.ycombinator.com/companies/stitch-technologies"
}